
-- ADDRESS TABLE DUMMY DATA
INSERT INTO ADDRESS (ID, STREET, CITY, STATE, COUNTRY, ZIP_CODE) 
VALUES 
(1, '123 ABC Street', 'Mumbai', 'Maharashtra', 'INDIA', '400001'),
(2, '456 XYZ Road', 'Delhi', 'Delhi', 'INDIA', '110001'),
(3, '789 PQR Avenue', 'Bangalore', 'Karnataka', 'INDIA', '560001'),
(4, '101 GHI Lane', 'Chennai', 'Tamil Nadu', 'INDIA', '600001'),
(5, '222 LMN Boulevard', 'Kolkata', 'West Bengal', 'INDIA', '700001'),
(6, '333 JKL Drive', 'Hyderabad', 'Telangana', 'INDIA', '500001'),
(7, '444 DEF Place', 'Pune', 'Maharashtra', 'INDIA', '411001'),
(8, '555 RST Street', 'Ahmedabad', 'Gujarat', 'INDIA', '380001'),
(9, '666 UVW Road', 'Jaipur', 'Rajasthan', 'INDIA', '302001'),
(10, '777 MNO Avenue', 'Lucknow', 'Uttar Pradesh', 'INDIA', '226001');

-- DEVICE TABLE DUMMY DATA
INSERT INTO DEVICE (ID, DEVICE_NAME, TYPE, COST, QUANTITY) 
VALUES 
(1, 'Laptop', 'Computer', 1200.00, 10),
(2, 'Microphone', 'Audio', 150.00, 10),
(3, 'Softbox', 'Lighting', 80.00, 10),
(4, 'Camera', 'Camera', 800.00, 10),
(5, 'GoPro', 'Camera', 300.00, 10),
(6, 'Video Recorder', 'Camera', 500.00, 10),
(7, 'Tripod Stand', 'Accessory', 50.00, 10),
(8, 'Keyboard', 'Computer', 50.00, 10),
(9, 'Mouse', 'Computer', 20.00, 10),
(10, 'Headphones', 'Audio', 100.00, 10),
(11, 'Printer', 'Peripheral', 200.00, 10),
(12, 'Scanner', 'Peripheral', 150.00, 10),
(13, 'Smartphone', 'Communication', 600.00, 10),
(14, 'Tablet', 'Communication', 400.00, 10),
(15, 'External Hard Drive', 'Storage', 80.00, 10),
(16, 'USB Flash Drive', 'Storage', 15.00, 10),
(17, 'Monitor', 'Peripheral', 250.00, 10),
(18, 'Speaker', 'Audio', 70.00, 10),
(19, 'Projector', 'Display', 500.00, 10),
(20, 'Webcam', 'Camera', 100.00, 10);


-- PROJECT TABLE DUMMY DATA
INSERT INTO Project (ID, PROJECTNAME, TYPE, STATUS, STARTDATE, ENDDATE, ADDRESS_ID) 
VALUES 
(1, 'Green Garden Gathering', 'SHORT FILM', 'NOT STARTED', '2024-02-01', '2024-02-15', 1),
(2, 'Bright Star Shining', 'ADVERTISEMENT', 'IN PROGRESS', '2024-01-15', '2024-02-28', 2),
(3, 'Magic Mountain Adventure', 'EDUCATIONAL VIDEO', 'COMPLETED', '2024-01-10', '2024-01-31', 3),
(4, 'Golden Grove Gathering', 'VIDEO SHORTS', 'IN PROGRESS', '2024-01-20', '2024-03-10', 4),
(5, 'Rainbow River Run', 'NEWS SHORTS', 'NOT STARTED', '2024-02-05', '2024-02-20', 5),
(6, 'Whispering Wind Whirl', 'SHORT FILM', 'NOT STARTED', '2024-03-01', '2024-03-15', 6),
(7, 'Silver Sky Soaring', 'ADVERTISEMENT', 'NOT STARTED', '2024-02-01', '2024-03-15', 7),
(8, 'Learning Leaf Leap', 'EDUCATIONAL VIDEO', 'IN PROGRESS', '2024-01-15', '2024-02-28', 8),
(9, 'Twilight Tree Tales', 'VIDEO SHORTS', 'COMPLETED', '2024-01-10', '2024-01-31', 9),
(10, 'Sunset Serenade Sessions', 'NEWS SHORTS', 'IN PROGRESS', '2024-01-20', '2024-03-10', 10),
(11, 'Secret Sunflower Symphony', 'SHORT FILM', 'COMPLETED', '2024-02-05', '2024-02-20', 1),
(12, 'Enchanted Evening Echo', 'ADVERTISEMENT', 'IN PROGRESS', '2024-03-01', '2024-03-15', 2),
(13, 'Sparkling Stream Stories', 'EDUCATIONAL VIDEO', 'NOT STARTED', '2024-02-01', '2024-03-15', 3),
(14, 'Glowing Galaxy Glimpse', 'VIDEO SHORTS', 'NOT STARTED', '2024-01-15', '2024-02-28', 4),
(15, 'Dancing Dew Drop Diary', 'NEWS SHORTS', 'IN PROGRESS', '2024-01-10', '2024-01-31', 5),
(16, 'Misty Morning Melodies', 'SHORT FILM', 'IN PROGRESS', '2024-01-20', '2024-03-10', 6),
(17, 'Flickering Firefly Flick', 'ADVERTISEMENT', 'COMPLETED', '2024-02-05', '2024-02-20', 7),
(18, 'Knowledge Knapsack Quest', 'EDUCATIONAL VIDEO', 'NOT STARTED', '2024-03-01', '2024-03-15', 8),
(19, 'Vivid Vista Voyages', 'VIDEO SHORTS', 'IN PROGRESS', '2024-02-01', '2024-03-15', 9),
(20, 'Fancy Feathered Friends', 'NEWS SHORTS', 'NOT STARTED', '2024-01-15', '2024-02-28', 10),
(21, 'Lazy Lagoon Lounging', 'SHORT FILM', 'IN PROGRESS', '2024-01-10', '2024-01-31', 1),
(22, 'Sunny Seaside Serenade', 'ADVERTISEMENT', 'COMPLETED', '2024-01-20', '2024-03-10', 2),
(23, 'Curious Cloud Conversations', 'EDUCATIONAL VIDEO', 'NOT STARTED', '2024-02-05', '2024-02-20', 3),
(24, 'Dusty Desert Dialogue', 'VIDEO SHORTS', 'IN PROGRESS', '2024-03-01', '2024-03-15', 4),
(25, 'Cozy Cabin Chronicles', 'NEWS SHORTS', 'COMPLETED', '2024-02-01', '2024-03-15', 5),
(26, 'Whistling Willow Whispers', 'SHORT FILM', 'NOT STARTED', '2024-01-15', '2024-02-28', 6),
(27, 'Spirited Starlight Soiree', 'ADVERTISEMENT', 'IN PROGRESS', '2024-01-10', '2024-01-31', 7),
(28, 'Clever Classroom Chronicles', 'EDUCATIONAL VIDEO', 'COMPLETED', '2024-01-20', '2024-03-10', 8),
(29, 'Roaring River Rhythms', 'VIDEO SHORTS', 'NOT STARTED', '2024-02-05', '2024-02-20', 9),
(30, 'Whimsical Waterfall Wonders', 'NEWS SHORTS', 'IN PROGRESS', '2024-03-01', '2024-03-15', 10);


-- Assignment table INSERT STATEMENTS

-- Photographers assignments
INSERT INTO ASSIGNMENT (ID, PROJECT_ID, USER_ID, DEVICE_ID, START_DATE, FINISH_DATE, COST) 
VALUES 
(1, 1, 1, 4, '2024-01-01', '2024-01-15', 20.00),  -- Camera
(2, 1, 1, 6, '2024-01-01', '2024-01-15', 10.00),  -- Softbox
(3, 1, 1, 7, '2024-01-01', '2024-01-15', 15.00),  -- Tripod Stand
(4, 1, 1, 5, '2024-01-01', '2024-01-15', 30.00),  -- Go Pro
(5, 1, 1, 8, '2024-01-01', '2024-01-15', 25.00),  -- Video Recorder

-- Content writers assignments
INSERT INTO ASSIGNMENT (ID, PROJECT_ID, USER_ID, DEVICE_ID, START_DATE, FINISH_DATE, COST) 
VALUES 
(6, 2, 3, 11, '2024-01-05', '2024-01-20', 50.00), -- Laptop
(7, 2, 3, 12, '2024-01-05', '2024-01-20', 20.00), -- Hard Drive
(8, 2, 3, 13, '2024-01-05', '2024-01-20', 30.00), -- Monitor

-- Video editors assignments
INSERT INTO ASSIGNMENT (ID, PROJECT_ID, USER_ID, DEVICE_ID, START_DATE, FINISH_DATE, COST) 
VALUES 
(9, 4, 2, 11, '2024-01-10', '2024-01-25', 50.00), -- Laptop

-- Anchors assignments
INSERT INTO ASSIGNMENT (ID, PROJECT_ID, USER_ID, DEVICE_ID, START_DATE, FINISH_DATE, COST) 
VALUES 
(10, 5, 4, 1, '2024-01-15', '2024-01-30', 40.00), -- Mic
(11, 5, 4, 5, '2024-01-15', '2024-01-30', 30.00), -- Go Pro
(12, 5, 4, 8, '2024-01-15', '2024-01-30', 25.00), -- Video Recorder
(13, 5, 4, 12, '2024-01-15', '2024-01-30', 20.00), -- Hard Drive

-- Managers and accountants assignments
INSERT INTO ASSIGNMENT (ID, PROJECT_ID, USER_ID, DEVICE_ID, START_DATE, FINISH_DATE, COST) 
VALUES 
(14, 6, 7, 9, '2024-01-20', '2024-02-05', 50.00), -- Laptop
(15, 6, 7, 9, '2024-01-20', '2024-02-05', 50.00); -- Laptop

-- Remaining assignments
INSERT INTO ASSIGNMENT (ID, PROJECT_ID, USER_ID, DEVICE_ID, START_DATE, FINISH_DATE, COST) 
VALUES 
(16, 1, 2, 5, '2024-01-01', '2024-01-15', 30.00),  -- Go Pro
(17, 2, 4, 11, '2024-01-05', '2024-01-20', 50.00), -- Laptop
(18, 3, 3, 11, '2024-01-10', '2024-01-25', 50.00), -- Laptop
(19, 4, 1, 8, '2024-01-15', '2024-01-30', 25.00),  -- Video Recorder
(20, 5, 3, 13, '2024-01-20', '2024-02-05', 30.00), -- Monitor
(21, 6, 2, 12, '2024-01-25', '2024-02-10', 20.00), -- Hard Drive
(22, 1, 5, 4, '2024-02-01', '2024-02-15', 20.00),  -- Camera
(23, 2, 6, 11, '2024-02-05', '2024-02-20', 50.00), -- Laptop
(24, 3, 4, 13, '2024-02-10', '2024-02-25', 30.00), -- Monitor
(25, 4, 5, 11, '2024-02-15', '2024-03-01', 50.00), -- Laptop
(26, 5, 2, 1, '2024-02-20', '2024-03-07', 40.00),  -- Mic
(27, 6, 3, 12, '2024-02-25', '2024-03-12', 20.00), -- Hard Drive
(28, 1, 4, 5, '2024-03-01', '2024-03-15', 30.00),  -- Go Pro
(29, 2, 7, 11, '2024-03-05', '2024-03-20', 50.00), -- Laptop
(30, 3, 6, 13, '2024-03-10', '2024-03-25', 30.00), -- Monitor
(31, 4, 3, 12, '2024-03-15', '2024-03-30', 20.00), -- Hard Drive
(32, 5, 1, 8, '2024-03-20', '2024-04-04', 25.00),  -- Video Recorder
(33, 6, 2, 11, '2024-03-25', '2024-04-09', 50.00), -- Laptop
(34, 1, 3, 5, '2024-04-01', '2024-04-15', 30.00),  -- Go Pro
(35, 2, 4, 12, '2024-04-05', '2024-04-20', 20.00), -- Hard Drive
(36, 3, 5, 13, '2024-04-10', '2024-04-25', 30.00), -- Monitor
(37, 4, 6, 11, '2024-04-15', '2024-04-30', 50.00), -- Laptop
(38, 5, 7, 8, '2024-04-20', '2024-05-05', 25.00),  -- Video Recorder
(39, 6, 1, 12, '2024-04-25', '2024-05-10', 20.00), -- Hard Drive
(40, 1, 2, 5, '2024-05-01', '2024-05-15', 30.00),  -- Go Pro
(41, 2, 3, 11, '2024-05-05', '2024-05-20', 50.00), -- Laptop
(42, 3, 4, 12, '2024-05-10', '2024-05-25', 20.00), -- Hard Drive
(43, 4, 5, 13, '2024-05-15', '2024-05-30', 30.00), -- Monitor
(44, 5, 6, 11, '2024-05-20', '2024-06-04', 50.00), -- Laptop
(45, 6, 7, 8, '2024-05-25', '2024-06-09', 25.00),  -- Video Recorder
(46, 1, 1, 12, '2024-06-01', '2024-06-15', 20.00), -- Hard Drive
(47, 2, 2, 5, '2024-06-05', '2024-06-20', 30.00),  -- Go Pro
(48, 3, 3, 13, '2024-06-10', '2024-06-25', 30.00), -- Monitor
(49, 4, 4, 11, '2024-06-15', '2024-06-30', 50.00), -- Laptop
(50, 5, 5, 12, '2024-06-20', '2024-07-04', 20.00); -- Hard Drive


--Assignments Table INSERT Statements
INSERT INTO Assignment (ID, PROJECT_ID, USER_ID, DEVICE_ID, STARTDATE, FINISHDATE, COST) VALUES (1, 1, 1, 4, '2024-01-01', '2024-01-15', 20.00);
INSERT INTO Assignment (ID, PROJECT_ID, USER_ID, DEVICE_ID, STARTDATE, FINISHDATE, COST) VALUES (2, 1, 1, 6, '2024-01-01', '2024-01-15', 10.00);
INSERT INTO Assignment (ID, PROJECT_ID, USER_ID, DEVICE_ID, STARTDATE, FINISHDATE, COST) VALUES (3, 1, 1, 7, '2024-01-01', '2024-01-15', 15.00);
INSERT INTO Assignment (ID, PROJECT_ID, USER_ID, DEVICE_ID, STARTDATE, FINISHDATE, COST) VALUES (4, 1, 1, 5, '2024-01-01', '2024-01-15', 30.00);
INSERT INTO Assignment (ID, PROJECT_ID, USER_ID, DEVICE_ID, STARTDATE, FINISHDATE, COST) VALUES (5, 1, 1, 8, '2024-01-01', '2024-01-15', 25.00);
INSERT INTO Assignment (ID, PROJECT_ID, USER_ID, DEVICE_ID, STARTDATE, FINISHDATE, COST) VALUES (6, 2, 3, 11, '2024-01-05', '2024-01-20', 50.00);
INSERT INTO Assignment (ID, PROJECT_ID, USER_ID, DEVICE_ID, STARTDATE, FINISHDATE, COST) VALUES (7, 2, 3, 12, '2024-01-05', '2024-01-20', 20.00);
INSERT INTO Assignment (ID, PROJECT_ID, USER_ID, DEVICE_ID, STARTDATE, FINISHDATE, COST) VALUES (8, 2, 3, 13, '2024-01-05', '2024-01-20', 30.00);
INSERT INTO Assignment (ID, PROJECT_ID, USER_ID, DEVICE_ID, STARTDATE, FINISHDATE, COST) VALUES (9, 4, 2, 11, '2024-01-10', '2024-01-25', 50.00);
INSERT INTO Assignment (ID, PROJECT_ID, USER_ID, DEVICE_ID, STARTDATE, FINISHDATE, COST) VALUES (10, 5, 4, 1, '2024-01-15', '2024-01-30', 40.00);
INSERT INTO Assignment (ID, PROJECT_ID, USER_ID, DEVICE_ID, STARTDATE, FINISHDATE, COST) VALUES (11, 5, 4, 5, '2024-01-15', '2024-01-30', 30.00);
INSERT INTO Assignment (ID, PROJECT_ID, USER_ID, DEVICE_ID, STARTDATE, FINISHDATE, COST) VALUES (12, 5, 4, 8, '2024-01-15', '2024-01-30', 25.00);
INSERT INTO Assignment (ID, PROJECT_ID, USER_ID, DEVICE_ID, STARTDATE, FINISHDATE, COST) VALUES (13, 5, 4, 12, '2024-01-15', '2024-01-30', 20.00);
INSERT INTO Assignment (ID, PROJECT_ID, USER_ID, DEVICE_ID, STARTDATE, FINISHDATE, COST) VALUES (14, 6, 7, 9, '2024-01-20', '2024-02-05', 50.00);
INSERT INTO Assignment (ID, PROJECT_ID, USER_ID, DEVICE_ID, STARTDATE, FINISHDATE, COST) VALUES (15, 6, 7, 9, '2024-01-20', '2024-02-05', 50.00);
INSERT INTO Assignment (ID, PROJECT_ID, USER_ID, DEVICE_ID, STARTDATE, FINISHDATE, COST) VALUES (16, 1, 2, 5, '2024-01-01', '2024-01-15', 30.00);
INSERT INTO Assignment (ID, PROJECT_ID, USER_ID, DEVICE_ID, STARTDATE, FINISHDATE, COST) VALUES (17, 2, 4, 11, '2024-01-05', '2024-01-20', 50.00);
INSERT INTO Assignment (ID, PROJECT_ID, USER_ID, DEVICE_ID, STARTDATE, FINISHDATE, COST) VALUES (18, 3, 3, 11, '2024-01-10', '2024-01-25', 50.00);
INSERT INTO Assignment (ID, PROJECT_ID, USER_ID, DEVICE_ID, STARTDATE, FINISHDATE, COST) VALUES (19, 4, 1, 8, '2024-01-15', '2024-01-30', 25.00);
INSERT INTO Assignment (ID, PROJECT_ID, USER_ID, DEVICE_ID, STARTDATE, FINISHDATE, COST) VALUES (20, 5, 3, 13, '2024-01-20', '2024-02-05', 30.00);
INSERT INTO Assignment (ID, PROJECT_ID, USER_ID, DEVICE_ID, STARTDATE, FINISHDATE, COST) VALUES (21, 6, 2, 12, '2024-01-25', '2024-02-10', 20.00);
INSERT INTO Assignment (ID, PROJECT_ID, USER_ID, DEVICE_ID, STARTDATE, FINISHDATE, COST) VALUES (22, 1, 5, 4, '2024-02-01', '2024-02-15', 20.00);
INSERT INTO Assignment (ID, PROJECT_ID, USER_ID, DEVICE_ID, STARTDATE, FINISHDATE, COST) VALUES (23, 2, 6, 11, '2024-02-05', '2024-02-20', 50.00);
INSERT INTO Assignment (ID, PROJECT_ID, USER_ID, DEVICE_ID, STARTDATE, FINISHDATE, COST) VALUES (24, 3, 4, 13, '2024-02-10', '2024-02-25', 30.00);
INSERT INTO Assignment (ID, PROJECT_ID, USER_ID, DEVICE_ID, STARTDATE, FINISHDATE, COST) VALUES (25, 4, 5, 11, '2024-02-15', '2024-03-01', 50.00);
INSERT INTO Assignment (ID, PROJECT_ID, USER_ID, DEVICE_ID, STARTDATE, FINISHDATE, COST) VALUES (26, 5, 2, 1, '2024-02-20', '2024-03-07', 40.00);
INSERT INTO Assignment (ID, PROJECT_ID, USER_ID, DEVICE_ID, STARTDATE, FINISHDATE, COST) VALUES (27, 6, 3, 12, '2024-02-25', '2024-03-12', 20.00);
INSERT INTO Assignment (ID, PROJECT_ID, USER_ID, DEVICE_ID, STARTDATE, FINISHDATE, COST) VALUES (28, 1, 4, 5, '2024-03-01', '2024-03-15', 30.00);
INSERT INTO Assignment (ID, PROJECT_ID, USER_ID, DEVICE_ID, STARTDATE, FINISHDATE, COST) VALUES (29, 2, 7, 11, '2024-03-05', '2024-03-20', 50.00);
INSERT INTO Assignment (ID, PROJECT_ID, USER_ID, DEVICE_ID, STARTDATE, FINISHDATE, COST) VALUES (30, 3, 6, 13, '2024-03-10', '2024-03-25', 30.00);
INSERT INTO Assignment (ID, PROJECT_ID, USER_ID, DEVICE_ID, STARTDATE, FINISHDATE, COST) VALUES (31, 4, 3, 12, '2024-03-15', '2024-03-30', 20.00);
INSERT INTO Assignment (ID, PROJECT_ID, USER_ID, DEVICE_ID, STARTDATE, FINISHDATE, COST) VALUES (32, 5, 1, 8, '2024-03-20', '2024-04-04', 25.00);
INSERT INTO Assignment (ID, PROJECT_ID, USER_ID, DEVICE_ID, STARTDATE, FINISHDATE, COST) VALUES (33, 6, 2, 11, '2024-03-25', '2024-04-09', 50.00);
INSERT INTO Assignment (ID, PROJECT_ID, USER_ID, DEVICE_ID, STARTDATE, FINISHDATE, COST) VALUES (34, 1, 3, 5, '2024-04-01', '2024-04-15', 30.00);
INSERT INTO Assignment (ID, PROJECT_ID, USER_ID, DEVICE_ID, STARTDATE, FINISHDATE, COST) VALUES (35, 2, 4, 12, '2024-04-05', '2024-04-20', 20.00);
INSERT INTO Assignment (ID, PROJECT_ID, USER_ID, DEVICE_ID, STARTDATE, FINISHDATE, COST) VALUES (36, 3, 5, 13, '2024-04-10', '2024-04-25', 30.00);
INSERT INTO Assignment (ID, PROJECT_ID, USER_ID, DEVICE_ID, STARTDATE, FINISHDATE, COST) VALUES (37, 4, 6, 11, '2024-04-15', '2024-04-30', 50.00);
INSERT INTO Assignment (ID, PROJECT_ID, USER_ID, DEVICE_ID, STARTDATE, FINISHDATE, COST) VALUES (38, 5, 7, 8, '2024-04-20', '2024-05-05', 25.00);
INSERT INTO Assignment (ID, PROJECT_ID, USER_ID, DEVICE_ID, STARTDATE, FINISHDATE, COST) VALUES (39, 6, 1, 12, '2024-04-25', '2024-05-10', 20.00);
INSERT INTO Assignment (ID, PROJECT_ID, USER_ID, DEVICE_ID, STARTDATE, FINISHDATE, COST) VALUES (40, 1, 2, 5, '2024-05-01', '2024-05-15', 30.00);
INSERT INTO Assignment (ID, PROJECT_ID, USER_ID, DEVICE_ID, STARTDATE, FINISHDATE, COST) VALUES (41, 2, 3, 11, '2024-05-05', '2024-05-20', 50.00);
INSERT INTO Assignment (ID, PROJECT_ID, USER_ID, DEVICE_ID, STARTDATE, FINISHDATE, COST) VALUES (42, 3, 4, 12, '2024-05-10', '2024-05-25', 20.00);
INSERT INTO Assignment (ID, PROJECT_ID, USER_ID, DEVICE_ID, STARTDATE, FINISHDATE, COST) VALUES (43, 4, 5, 13, '2024-05-15', '2024-05-30', 30.00);
INSERT INTO Assignment (ID, PROJECT_ID, USER_ID, DEVICE_ID, STARTDATE, FINISHDATE, COST) VALUES (44, 5, 6, 11, '2024-05-20', '2024-06-04', 50.00);
INSERT INTO Assignment (ID, PROJECT_ID, USER_ID, DEVICE_ID, STARTDATE, FINISHDATE, COST) VALUES (45, 6, 7, 8, '2024-05-25', '2024-06-09', 25.00);
INSERT INTO Assignment (ID, PROJECT_ID, USER_ID, DEVICE_ID, STARTDATE, FINISHDATE, COST) VALUES (46, 1, 1, 12, '2024-06-01', '2024-06-15', 20.00);
INSERT INTO Assignment (ID, PROJECT_ID, USER_ID, DEVICE_ID, STARTDATE, FINISHDATE, COST) VALUES (47, 2, 2, 5, '2024-06-05', '2024-06-20', 30.00);
INSERT INTO Assignment (ID, PROJECT_ID, USER_ID, DEVICE_ID, STARTDATE, FINISHDATE, COST) VALUES (48, 3, 3, 13, '2024-06-10', '2024-06-25', 30.00);
INSERT INTO Assignment (ID, PROJECT_ID, USER_ID, DEVICE_ID, STARTDATE, FINISHDATE, COST) VALUES (49, 4, 4, 11, '2024-06-15', '2024-06-30', 50.00);
INSERT INTO Assignment (ID, PROJECT_ID, USER_ID, DEVICE_ID, STARTDATE, FINISHDATE, COST) VALUES (50, 5, 5, 12, '2024-06-20', '2024-07-04', 20.00);
